{
  "results": [
    {
      "command": "subshell",
      "mean": 0.004394451569535865,
      "stddev": 0.0029996091043939022,
      "median": 0.003966602540000002,
      "user": 0.0011751036286919835,
      "system": 0.0023272718143459914,
      "min": 0.0020522165400000012,
      "max": 0.03460381454,
      "times": [
        0.005694086540000001, 0.004038387540000001, 0.004404665540000001, 0.004604288540000002, 0.003942551540000001,
        0.003836670540000001, 0.0035099475400000016, 0.003545753540000001, 0.004273633540000001, 0.0038657655400000006,
        0.003966602540000002, 0.0037919135400000014, 0.004879248540000001, 0.005430817540000001, 0.006559665540000001,
        0.004544120540000001, 0.004640146540000002, 0.004849162540000001, 0.004206158540000002, 0.0034751865400000003,
        0.0027964025400000004, 0.003864772540000001, 0.0032951835400000006, 0.0029473435400000003, 0.003224130540000001,
        0.003218148540000001, 0.0031213325400000014, 0.00277452254, 0.0024835555400000006, 0.0020837005400000013,
        0.0024357125400000018, 0.0025622875400000003, 0.0023087685400000014, 0.0022365085400000003,
        0.0021603255400000016, 0.0020570335400000002, 0.0021958465400000017, 0.002140987540000001, 0.002097915540000001,
        0.0020522165400000012, 0.00212644154, 0.0022471735400000003, 0.0022180735400000014, 0.002199469540000001,
        0.0021497435400000013, 0.0022269325400000014, 0.002588141540000001, 0.0024515405400000008,
        0.0024630545400000014, 0.0025046415400000006, 0.0027074275400000005, 0.002385747540000001,
        0.0025242245400000007, 0.0025894425400000013, 0.0029719105400000017, 0.002558852540000001,
        0.0025181275400000007, 0.0026267315400000006, 0.002616270540000001, 0.0028173405400000002, 0.003142280540000001,
        0.003146601540000001, 0.0038938175400000012, 0.005538360540000001, 0.006370082540000001, 0.0060416435400000015,
        0.03460381454, 0.0075674995400000005, 0.00594894354, 0.005128081540000002, 0.005225910540000001,
        0.004750455540000001, 0.004613320540000001, 0.005176018540000001, 0.021891477540000003, 0.006058768540000001,
        0.0055982585400000005, 0.0034875765400000014, 0.003745449540000002, 0.0028894055400000016, 0.003528734540000001,
        0.004384691540000002, 0.02750422154, 0.010503363540000001, 0.004691271540000001, 0.0036066835400000016,
        0.0034982465400000004, 0.003955530540000001, 0.004344351540000002, 0.004725683540000002, 0.003953993540000002,
        0.004336455540000002, 0.0048137095400000015, 0.00449068154, 0.0038601615400000013, 0.004984302540000002,
        0.005297053540000002, 0.004452568540000001, 0.004862606540000001, 0.004892766540000002, 0.004491034540000002,
        0.0043381565400000014, 0.004734632540000001, 0.0038165625400000012, 0.0041372325400000015, 0.004581749540000002,
        0.004112854540000001, 0.004065590540000001, 0.004463030540000002, 0.005478006540000001, 0.005679304540000002,
        0.004844640540000001, 0.004713003540000001, 0.0043017255400000015, 0.004649076540000001, 0.004769384540000002,
        0.004139111540000001, 0.0041937905400000015, 0.00453976454, 0.004182159540000002, 0.004179282540000002,
        0.004920011540000001, 0.0047090505400000015, 0.0037425285400000006, 0.00474948154, 0.004805659540000001,
        0.004159916540000002, 0.0069422725400000015, 0.005026909540000002, 0.004820215540000001, 0.003762173540000001,
        0.003854338540000001, 0.0037240415400000013, 0.0035608505400000013, 0.003544247540000001, 0.0036663775400000006,
        0.0034239275400000007, 0.0031255955400000006, 0.003100166540000002, 0.002850734540000001, 0.00307570554,
        0.004557573540000001, 0.0045094385400000015, 0.004106704540000001, 0.0038466045400000004, 0.003885094540000001,
        0.004189034540000002, 0.0029073325400000008, 0.00283104754, 0.0031793275400000013, 0.003895663540000001,
        0.0033803485400000005, 0.0027396305400000003, 0.0026712005400000008, 0.0027493905400000013,
        0.002802600540000001, 0.0032262005400000007, 0.0028905885400000017, 0.002273254540000001, 0.003078165540000001,
        0.0034668855400000016, 0.003696690540000001, 0.003408595540000001, 0.0034470205400000007, 0.0030663415400000006,
        0.0033160755400000004, 0.003265941540000002, 0.0031019935400000012, 0.004346368540000002, 0.00437842254,
        0.004812435540000001, 0.00399424654, 0.003840992540000002, 0.003555892540000002, 0.0036166485400000005,
        0.0036857945400000014, 0.003815549540000002, 0.0036738125400000007, 0.0036631675400000006,
        0.0033606475400000018, 0.0032849565400000008, 0.0030392325400000015, 0.0027849985400000008,
        0.0028340125400000008, 0.0035099625400000006, 0.0038971985400000015, 0.0037080425400000004,
        0.003438983540000002, 0.0034531585400000018, 0.0036199705400000006, 0.003782284540000001, 0.005411498540000001,
        0.005227093540000001, 0.005892827540000002, 0.005475362540000001, 0.005097400540000001, 0.006569364540000002,
        0.005207843540000001, 0.006022193540000001, 0.006670337540000001, 0.005286828540000001, 0.006128285540000001,
        0.004969473540000001, 0.005756722540000001, 0.005569090540000001, 0.004463409540000002, 0.005180206540000002,
        0.005515386540000001, 0.004411518540000002, 0.003995813540000001, 0.004408899540000001, 0.004356243540000001,
        0.0037316045400000017, 0.0035948285400000017, 0.005030690540000001, 0.004247494540000001, 0.0060735415400000005,
        0.005024181540000001, 0.005147397540000002, 0.007211189540000002, 0.005411310540000001, 0.006394662540000001,
        0.005157159540000002, 0.0056000955400000016, 0.005796699540000001, 0.0052760915400000006, 0.005610177540000001,
        0.005552221540000002, 0.0054848855400000006, 0.004682539540000002, 0.005521569540000001, 0.00515930454,
        0.0055472255400000016, 0.005043641540000002, 0.0041143305400000016, 0.003947712540000001, 0.0038372415400000004
      ],
      "exit_codes": [
        0, 0, 0, 0, 0, 0, 0, 0, 0, 0, 0, 0, 0, 0, 0, 0, 0, 0, 0, 0, 0, 0, 0, 0, 0, 0, 0, 0, 0, 0, 0, 0, 0, 0, 0, 0, 0,
        0, 0, 0, 0, 0, 0, 0, 0, 0, 0, 0, 0, 0, 0, 0, 0, 0, 0, 0, 0, 0, 0, 0, 0, 0, 0, 0, 0, 0, 0, 0, 0, 0, 0, 0, 0, 0,
        0, 0, 0, 0, 0, 0, 0, 0, 0, 0, 0, 0, 0, 0, 0, 0, 0, 0, 0, 0, 0, 0, 0, 0, 0, 0, 0, 0, 0, 0, 0, 0, 0, 0, 0, 0, 0,
        0, 0, 0, 0, 0, 0, 0, 0, 0, 0, 0, 0, 0, 0, 0, 0, 0, 0, 0, 0, 0, 0, 0, 0, 0, 0, 0, 0, 0, 0, 0, 0, 0, 0, 0, 0, 0,
        0, 0, 0, 0, 0, 0, 0, 0, 0, 0, 0, 0, 0, 0, 0, 0, 0, 0, 0, 0, 0, 0, 0, 0, 0, 0, 0, 0, 0, 0, 0, 0, 0, 0, 0, 0, 0,
        0, 0, 0, 0, 0, 0, 0, 0, 0, 0, 0, 0, 0, 0, 0, 0, 0, 0, 0, 0, 0, 0, 0, 0, 0, 0, 0, 0, 0, 0, 0, 0, 0, 0, 0, 0, 0,
        0, 0, 0, 0, 0, 0, 0, 0, 0, 0, 0, 0, 0, 0, 0
      ]
    },
    {
      "command": "pipe",
      "mean": 0.004979714641941747,
      "stddev": 0.0040957127154070405,
      "median": 0.003695456540000001,
      "user": 0.0011831081553398055,
      "system": 0.002443130873786408,
      "min": 0.0018891935400000013,
      "max": 0.03783214254,